{"cameraMode":{"drawMode":0,"name":"Shaded","section":"Shading Mode"},"sceneLighting":false,"audioPlay":false,"sceneViewState":{"m_AlwaysRefresh":false,"showFog":true,"showSkybox":false,"showFlares":true,"showImageEffects":true,"showParticleSystems":true,"showVisualEffectGraphs":true,"m_FxEnabled":true},"in2DMode":false,"pivot":{"x":0.002922140061855316,"y":0.7359175086021423,"z":3.725290298461914e-7},"rotation":{"x":-0.2552988827228546,"y":0.10878979414701462,"z":-0.02887420542538166,"w":-0.9604032039642334},"size":0.7734135389328003,"orthographic":false}