{"cameraMode":{"drawMode":0,"name":"Shaded","section":"Shading Mode"},"sceneLighting":true,"audioPlay":false,"sceneViewState":{"m_AlwaysRefresh":false,"showFog":true,"showSkybox":true,"showFlares":true,"showImageEffects":true,"showParticleSystems":true,"showVisualEffectGraphs":true,"m_FxEnabled":true},"in2DMode":false,"pivot":{"x":0.14956453442573548,"y":-0.07331449538469315,"z":-1.3186380863189698},"rotation":{"x":-0.25241416692733767,"y":-0.035443264991045,"z":0.009129161946475506,"w":-0.9670667052268982},"size":1.5790295600891114,"orthographic":false}