{"cameraMode":{"drawMode":0,"name":"Shaded","section":"Shading Mode"},"sceneLighting":true,"audioPlay":false,"sceneViewState":{"m_AlwaysRefresh":false,"showFog":true,"showSkybox":true,"showFlares":true,"showImageEffects":true,"showParticleSystems":true,"showVisualEffectGraphs":true,"m_FxEnabled":true},"in2DMode":false,"pivot":{"x":-10.090697288513184,"y":-4.256725788116455,"z":16.392242431640626},"rotation":{"x":-0.13708513975143434,"y":0.26688358187675478,"z":-0.03833403065800667,"w":-0.9532883167266846},"size":12.173215866088868,"orthographic":false}